"path","sha256","bytes"
"agents/prompts/big_prompt.txt","5747e1563192cab03c10cfd60c8bd84d62525dfcc8a9f6ac6948ab028bbd9161","18968"
"agents/prompts/CBC_Lab_underlying_prompt.txt","5ad50ba9d30f07bf53c398ab20bde88291b273af4cf2663c30e6c634ddc85e5a","14678"
"agents/prompts/culture_agent_prompt.txt","aa9d7cffdb759bc50dfaa3a7617854c2cb8a09d46157f3ffd287214b43ef392d","14338"
"agents/prompts/filmarray_GMtest_prompt.txt","7022f0e3fb3668d29cad1950b9630b8c76dce51f9cb2eb9e0f9bc87f5fd8ae26","16614"
"agents/prompts/image_agent_prompt.txt","cdd3cc96d31574c2fec8cff2ca76fb2eb609c8cf389c0b93f11bf405f24c77b5","12355"
"agents/prompts/mNGS_max_prompt.txt","aa3dc089237d9c79c382c8e8a747705bea4ebd65f8f0f47abf8fffd4cdc78269","39987"
"agents/prompts/mNGS_max_prompt_no_filmarray.txt","251252d3c00220e04fb36795c5387abeeaaf161de1ff2d2f608eafa16c2bb7f2","39887"
"agents/prompts/mNGS_to_specimen_prompt.txt","305c06840b930802d419d10f92a9b318d359f8fda718832b0125148a5cfcafed","9400"
"agents/prompts/molecular_microbiology_prompt.txt","1725110ef07202a2d64e65f01f92d997b8596894ef4a77b432a97a7567a360ef","5240"
"analytics/__init__.py","207a52cdce696e19e0d167d7dca90e66e57670c9c5873a5bacb11565024c9006","248"
"analytics/generate_charts.py","8655d9635fbe03c4ff75b62ed84848e0296f29c2657289a9ec850198f2f03410","6224"
"analytics/metrics.py","40a374a4a0c811642d498a409ef79f6abd28cdda2fe482e6414c601363f3edc8","10581"
"analytics/tracking.py","dfba82f04d760a10bba6149ad5b6ce59da076c2ac25033e8ff727aba2a523bf5","12647"
"core/__init__.py","e3b0c44298fc1c149afbf4c8996fb92427ae41e4649b934ca495991b7852b855","0"
"core/llm_parser.py","41ec9c296d9c5e682d8d968ab2ade99c6c1f390b8409c14110c4ec8757291b8d","10252"
"core/main.py","de053fec61ca04660492315ecab7ee404c5b704110ea3c2291e72746355e3977","8675"
"core/raw_parser.py","b3301011851e7c42eaa8a1fc0c3435292578223ffb4d9f1ff1fba647744534f4","5305"
"core/summarize_agent.py","29ab147443593649d462fda31e5e7f7e72f6814123619c03c2114cc1320057c8","15195"
"parsers/__init__.py","e3b0c44298fc1c149afbf4c8996fb92427ae41e4649b934ca495991b7852b855","0"
"parsers/admission_diagnosis_parser.py","24562446bbc41e56470171fbf90330eabd48f4e7ec7896a19363b772f8370973","1617"
"parsers/CBC_parser.py","d4aaa41bd2d1deac2f2a023f28c5b00b5407f96c35a9bf862425e4fe4bb46b79","2793"
"parsers/culture_parser.py","94eccbe168aca441d69ac0198d16efe05884e8bd047361f4cec1fd4611b6db84","1605"
"parsers/filmarray_parser.py","878aa79f2ba4e0987e9ce89727588567b0fe97f91887583319a3f1ebc4df1f24","1607"
"parsers/gm_test_parser.py","db60ca24dae4056c21c7cfe7b356cd6bb472d2938a088197a7788d190cfd46f3","2793"
"parsers/image_parser.py","e235bd19790d63d5094ab5cb16dc469c052c3261a0673be831d0d2132af36777","3177"
"parsers/mNGS_parser.py","eeba4b99e666bb18362ab984306c2b517b55ab5e8b9f7e9e3fefd651f59c85f0","3640"
"parsers/other_lab_parser.py","20f3f4746e1f81a13016f500457ccfdaa48081de267d2f4476c9a47882e92cf2","2799"
"parsers/underlying_parser.py","de9ba36a67a7ee4611bdf968657813b124271ed8aa66f33f1b063b1ac26c7578","1608"
"ppt_patient_parser/__init__.py","212b06ed1a26475984da2d62f8baeb7b28e3b71fefe5e3810a903b0384b21a2a","139"
"ppt_patient_parser/__main__.py","87542982f474f2d3ba4df407bb248a2a04224155d522841128b131e6c561b7f3","67"
"ppt_patient_parser/cli.py","674f6cab7d7a7b1ad7f7e072972a6dc3082bf494729329dde05bce87d8a255be","2731"
"ppt_patient_parser/modality_classifier.py","ef61ba4c0ff9b629f9f0a1a69968167f33a13b6f9ab25384583a74b43e44a871","3022"
"ppt_patient_parser/parsers/__init__.py","7a7bdbf49a7ff02a3aec217d176903619e456101534401e91f80257b0bb575f8","55"
"ppt_patient_parser/parsers/slide_parser.py","0bae77823cf90164c64c2538da4bb61b12c2e9f37bf362d5b97566dd1eab5b5a","11442"
"ppt_patient_parser/ppt_reader.py","70753d65992f74b96cc01db411e271b71dadfdf074e7af39abf4c76f0ea2daba","409"
"ppt_patient_parser/slide_extractor.py","14c48b3e11b3bd02f76f635e8faca3f2afe4c854eb2f4827f79f1676f90027e9","4978"
"ppt_patient_parser/utils/__init__.py","1380d8edbcc7a5723294ea76f783231bab3dbcfd9472352dde31c59103d3c3d3","51"
"ppt_patient_parser/utils/io.py","976c5e6642ce873f32e7b69f344b28ae74a24d20456d947a229792c84785ab67","579"
"ppt_patient_parser/utils/logging.py","a2667fdefb4c3722daf0b5295ef53980f0fef2845f61dce002d19da59a9114dd","529"
"ppt_patient_parser/vision_hooks.py","d8101f0a8679d36858ffae9eec577c153422bd1c0d77143bd29b9070aba97ac1","7930"
"README.md","68bbecd89557d871663f857e52c46b43779b015349374c9e5d19fc6dab4b0e42","3046"
"requirements.txt","9d1b0c817a83c5edd020bf35bad713ff75160445f8928446ca4b31c803f8b81b","69"
"rules/anti_overfit_clinician_output_profile_v1.json","e08441f66eebd008a186b588562a28800c9a6dacd819d8db88b665a052cdab88","1696"
"rules/external_validation_per_test_contract_v1.json","3f2d18102f101ce9ff890036e59625460c9d75670de4bb239d94379b9addd5a5","1108"
"rules/impossible_infection_sources.json","87578f56150cf58f78f521cf79d07ac8334bb51fddd5e7296a9cde476c215dd3","2090"
"rules/independent_multi_assay_screening_v1.json","f2d3864f894c3f4ef7d5f3d88bfcbb07fbefc400bb6fc31086a21b3f87b95672","1407"
"rules/index_mngs_episode_window_v1.json","550659d26f5f916fbfecdcd36147f8a340ef9e718637e9e70ce84c6aa828f8dc","1092"
"rules/kh_ablation_common_contract_v1.json","eb8bb52251c03c433904955b2f132e4e8bb05676b5b66e8828f6a2cab6ba145b","2125"
"rules/kh_test_aware_release_v1.json","6d74f2cf1f10d3a058dc8840311e5974d96887435a641d510d3b549fcbcedc08","4134"
"rules/manual_style_multi_assay_entry_v2.json","9038ddaf0ec3e5213fbefa812a14fa3aadcdb3a7039a1b978056e1b195ac974d","1453"
"rules/multi_assay_mngs_screening_policy.json","247340b1edc0524e65fbf2ed68e8b3287ac685e3b108baec077cd798fcca65b6","2225"
"rules/negative_evidence_rules.json","523dbf6bb52704a661f30e7faa4b473013f67923197abbc77cf8481658b5838b","3002"
"rules/organism_taxonomy_auto_v1.json","571aa2c2047fcfb67e0735e9f7c5ba8a54fe9cd0a337c876f1f5041d4fdc8ec7","68289"
"rules/organism_taxonomy_gap_resolution_v1.json","f60b9b1505214b0f43477e5445d1382e08b5de0bad592ee9b15d57655cd12356","20841"
"rules/organism_taxonomy_reviewed_v1.json","9052674b1edbd1e500fc21c7f3e7394e11b81fd098e9b09d8159f72286e71c43","9615"
"rules/organism_taxonomy_rules.json","be5801bf9108ea388bc17faf516dd4148bcb4a9975148b55be2b5a44879d999f","23274"
"rules/pathogen_aliases.json","d275a7cf39744cbfcf55444192b44c486621a7ddffd94f8ac1e08d67f6b224b0","26623"
"rules/phenotype_candidate_policy.json","52adc8ae09adda496f2b92498691e9e2ef0fbd0235534a497a0cd66eeb56312e","3802"
"rules/phenotype_context.schema.json","31ec90fe3899824c283cd347e2ac49636a342fdc7c79d97a657a6a0ece4bc8f4","2392"
"rules/phenotype_episode_identity_v1.json","1e974830ee4ac37fe3acdb570d61748bc9bab3b3d093ea0c4907dfa6171b7d27","1300"
"rules/pulmonary_pathogen_evaluation_target_v1.json","401c809a4ac330353f4ad899d062e0203a4e9c92c61010a9664898f6c9315edb","1490"
"rules/rag_v2_adjudication_output.schema.json","44d00601a70e83131fbfc4fb3b34ec493e20dccd080a7ac6227d83b42a099df5","4577"
"rules/rag_v2_adjudication_packet.schema.json","6ef13280a3f1e9373bfa220abe61bf4b818b64341034d38c1209d19099c101e1","2512"
"rules/rag_v2_production_input.schema.json","1f6cb5cd5e49a66d7bca08a9d74534ecb96d485698855b3cae63b05d09febcf4","5638"
"rules/reference_replacement_acceptance_v1.json","76257323738cfd6c23dfb7bce9804721f0f9eed45674f2158bef3c76dc302ac3","1300"
"rules/review_context_rescue_rules.json","04489c4bfd7c3682658a0591492b724a4300bdb72d1b9cd5fcaa3b21035ed6fd","1544"
"rules/review_triage_rules.json","ebf07bc63efa2933ba2bfe5d18ef61ce959570de84d101f8f7ddb219901c69df","8828"
"rules/test_aware_clinical_deterministic_shadow_v1.json","393cefbef5814b2f17fc61c082dfef19c6ebb44070d43e761c490f89e127d022","1673"
"rules/test_aware_clinical_promotion_v2.json","4093537192ba40e3e272944665aa577200c210df7654cd4180601805d0ce9b9a","2064"
"rules/test_aware_clinical_promotion_v3.json","9ea697c49640667fcd1c240423ee265064e25f3c821fe3f3930a9ba7de136e7b","3191"
"rules/test_aware_clinical_promotion_v4.json","19ecea768cf9bc73c83085dde0349c477c194eff75d2dd9566a4793b127a6781","4413"
"rules/test_aware_clinical_promotion_v4_analytical_only_open_shadow.json","cff46f5190b4435da0f2ecf2b3728de6cd546b2b56d2a886a37dc0cc102d6bed","3017"
"rules/test_aware_clinical_promotion_v5_targeted_assay_bridge.json","3935f418ff48d540502842344b17b5c504a07867e1a930df5e76adc2bb0eba3e","3529"
"rules/test_aware_clinical_promotion_v6_analytically_compelling_rpm5.json","55e98008b96be9586b1c16c562b87a7e3f30ed715c37822dbe0eed4506fbfb78","4167"
"rules/test_aware_clinical_promotion_v7_cross_site_convergence.json","f025200e1a614a1a51ac84149e43ab10966e1b496ff1367d3ba1bbb0890c3d4c","5387"
"rules/test_aware_clinical_promotion_v8_respiratory_group_convergence.json","bb2da60d837e1caa60bf5215d24273959d2393dff248943299691a37025aac03","5843"
"rules/test_aware_deterministic_shadow_v1.json","74d05311c932c526957d3400bd90fb1a9b7935d4793e3b2fcf82ee86edca4d73","1617"
"rules/test_aware_deterministic_shadow_v2.json","07c4aad024b9bb8264dd4b16e1a1b206f8376c6cb06b4ecadc75c6443d8ba9db","2074"
"rules/test_aware_deterministic_shadow_v3_route_a.json","11194654d64f76e7e1c227ff55d11053e63f79f023bd257b90fe01e4135ef0ab","2742"
"rules/test_aware_history_route_v1.json","bcf69be1b4fd8c83ac7f272859f81e535d4bb24a2d318606c30ee40734b00095","2485"
"rules/test_aware_history_route_v2.json","45b21f864093628f1070469b13418812d75942ef10f7782efb2637c54b146fc4","4750"
"rules/test_aware_history_route_v3.json","47a3d01024592d153b703cd056b5f49f7057b0b859437771f946ab4fb8410716","6402"
"rules/test_aware_history_route_v4.json","1fa9a1357eb8b4144b7dff67668351609880b95b693833904d68a1e91fd196ef","9260"
"rules/test_aware_history_route_v4b.json","d781d08ed26194ff8946c09f01320b8a9d8e775e62f294645359a8da3a434ab2","2330"
"rules/test_aware_history_route_v4c_combined.json","50f515eb2cbbd48fca657989e9272c2e1644d95ed777390f70969b00976d9a4d","1243"
"rules/test_aware_possible_pathogen_v1.json","69a258f7562f0c0301362c1d30254e7035abc825c1262ec3bd77f9e11d8c9d5e","2921"
"rules/test_aware_unified_reporting_v2.json","2c28b8c37827d2fadd33e070a26d2ba7690c48a8f792039ae51e70cd06abe1ac","6051"
"rules/test_aware_unified_reporting_v3_route_a.json","456d281046bb48241d61eb9e81b2d8208475f54c87b743fb9d2d3f6fb7793695","5590"
"rules/test_aware_unified_reporting_v4_special_family_possible_shadow.json","7ec29215025e8d2d56bca97d289ccbee2227acbf5a655bbb38b092d9322fd6be","6530"
"tests/__init__.py","42351e7e044957acf3fe67dbe493ec8fe949474118d036657ef4a9a6be78a02e","56"
"tests/test_adjudicate_rag_v2_packets.py","4ce7618849cd9e7f72ea28d07e406e637e6a4b253d5bc06def2dfe00f4cfc994","10061"
"tests/test_analyze_kh_family_aware_technical_repeat_shadow.py","c4f8c529619d6210a655c2d306c6ca56d10f4f9f2eb969550498c358d7bd88a5","2353"
"tests/test_analyze_kh_low_specificity_repeat_routes_shadow.py","eb4a8ae9f0329c0d6aa5119a31126ebf38fc4252c99161c20ec0ce80923f42bd","3186"
"tests/test_analyze_kh_technical_repeat_value.py","1ad1af73fb5d519a1453beeb228e625310bf73eca2b90d8911c51286190f75f5","1199"
"tests/test_apply_kh_manual_high_review_overlay.py","8e50c587a7d3d3ac24dfc98235788ebbe28a077b0d9cdd5907070028f11e5e36","1140"
"tests/test_apply_test_aware_history_route_shadow.py","c7b7c89be5bb6df89218c84f7711c6a249f5e076594490cbf51899a34cb164a2","33701"
"tests/test_audit_evidence_preservation.py","323206ecc1649a82d859c32473d2b35722e886fb645168f72290bec7a2197d59","855"
"tests/test_audit_external_validation_compatibility.py","b4c19efa096ff5ca0a6ec412518695165e2007637cf53965487478fa7de15284","957"
"tests/test_audit_kh_culture_evidence_chain.py","2921d71c3625e8c71897f1d0a7bd5a90232a40c425a7afaca75082b52af15d95","2020"
"tests/test_audit_kh_mngs_frontend_evidence_chain.py","707d55f479b6f4d3501e28b85f305a2becd25d075769b6b257f15d2fc6ea9e0e","1342"
"tests/test_audit_kh_mngs_selection_protocol_semantics.py","71e628f492cff7f3647ddf1ac6bc76e84497a81a4f346e6a20d85c2b35b0d50f","2300"
"tests/test_audit_kh_taxonomy_end_to_end.py","6791b2b1796454b0e59fe045fb3b9b1259402a792accabec754532c5b47f7406","1183"
"tests/test_audit_phenotype_patient_linkage.py","7ada5d5082e5a62dedf957623dcb3f136a8a3a20d5861a2cabbdfa500b4d3f59","4484"
"tests/test_audit_phenotype_source_linkage_dedup.py","9e7f55f663394350687bb26ff9d53ff37666ba6d27a51a3b255cdc1180a653be","2027"
"tests/test_audit_reviewed_taxonomy_overlay.py","658e37a7d0b710f6bd3eb2e49416d745ea9c723e244d4546bf7cf45b38068cc3","748"
"tests/test_auto_decide_organism_taxonomy.py","038ecb0e30ad5a3cc1d0dea1bc5f8d0c4362423c2f4f63123f52e519bb4a4821","13033"
"tests/test_build_compact_multi_assay_entry_shadow.py","b614619dc7d7a55c3629ba6391f89b7e1349cb2f24582179d87bfefea1bcf735","4780"
"tests/test_build_deterministic_summary.py","99d5ef1ab00bd10251863682574c9f6d6b60b43835107b3b8d51ea13cd37900c","13682"
"tests/test_build_external_kh_answer_contract.py","8d04297835711044da525b608ce1294d097435140e7fe39e3dd6d4178d867094","4262"
"tests/test_build_extracted_workbooks_enriched_shadow.py","28aa994b8745488ca6afc40a0ae7719f8a90b906a2a9311b2dbfa32b67164128","1446"
"tests/test_build_extracted_workbooks_pipeline_input.py","97b14c6ed71358075e02dfd93f13ea309852e889fdef783164d46aec0a8df8fd","1589"
"tests/test_build_independent_multi_assay_screening_shadow.py","12d8b27e093cff0f78fcf269270d3f256a54177af87b232d2ff5329ff646af04","5328"
"tests/test_build_index_event_clinical_timeline_shadow.py","b4ca29023a7093337f416e4174293b308b8ef5a483f94f62199b9ec2b08b34bc","9124"
"tests/test_build_kh_taxonomy_completion_audit.py","038399f0e2fe8b626ccd59d72f221070618c285b94cf33327a6fca4741d5950e","532"
"tests/test_build_manual_style_multi_assay_screening_shadow.py","71d387e7bcec371a6b3540ff8be1332962668b94697a07d7523b764bc69f07c4","2243"
"tests/test_build_missed_candidate_review_queue.py","e62b66cde1b0473ee5a80a848875a4596fd8ee2145c2a356eafc7fbe2aca047d","1305"
"tests/test_build_multi_assay_mngs_evidence.py","dc9d2a4f372a6a979b85197e07114dbafc50361bc15b07d2d7e1f140191fa643","12834"
"tests/test_build_phenotype_decision_evidence.py","24be917328b79bad378bcd8e20743e86914e5b15c2aefd5b7607e9d6401fcadb","3679"
"tests/test_build_phenotype_event_packets.py","c21bcd1c8d8e0ae73b486e2c4abe6ec9735e21bfaf226e294e529c0bb66daa6f","7784"
"tests/test_build_possible_pathogen_blinded_review.py","03416250762f4f15e81ff393342e07416614884e54a7a5e6b95848f5bdd35e7b","4424"
"tests/test_build_rag_v2_adjudication_packets.py","505a8680d73f362f35e860895b8e8ec281d86864c5a27dac55783cb92190a6b8","2308"
"tests/test_build_rag_v2_inputs.py","80e390e277f421fec8aadea6bbf86ae7b1f499c32c88e0cc37d247f9c9625d6a","2319"
"tests/test_build_test_aware_candidate_phenotype_shadow.py","441ccab348e9a3910f2ce6a6acb117e4aa32abfbc39f2eee60a1db163fc5e8a0","3618"
"tests/test_build_test_aware_clinical_deterministic_shadow.py","818d64adb7860b67f880bad07888360dc8aebcdabbd70276df0b5ec4d259c581","7355"
"tests/test_build_test_aware_deterministic_shadow_scorer.py","58285441ed8d911e7c112670887cd3af6e3c1a099f9e235b33f1315d16918313","13260"
"tests/test_build_test_aware_mngs_screening_shadow.py","0101ce39bf10b668210090e1683e25181d2490f0751c0bf7ad32ab39a2d70548","4005"
"tests/test_build_test_aware_possible_pathogen_shadow.py","c38bf7909c874d76550f3ddc652a316ff41ffc0d5854e0d26e89d4af8f92740f","6823"
"tests/test_candidate_evidence_profile.py","3e0ea3a8d40583c3abf4a588fadf13e739a9970f01a163d5c86258ce8be4a5a9","10166"
"tests/test_candidate_phenotype_context.py","5b4b6c92819ebc97fbc18f363c07cb25b6647c00418bf931f807f8cb3e3f6215","5585"
"tests/test_codex_cli_auth.py","a8aa9a6dcbc2e68f6a1a7aa25f0b369a09c5d66cefb71d30c469c0338f6abf86","1027"
"tests/test_compare_shadow_pipeline_outputs.py","204d93e5f86433e514f700db1ac90e2403bd4c3f42f0852038e6984aa6b9bfa2","5784"
"tests/test_compare_test_aware_clinical_runs.py","f6ebed3cd490f66388d748d0a3a39f7a78e349dbfdd015e54573c5b38e027a6f","7511"
"tests/test_deterministic_mngs_max_scorer.py","25ad9c698855e5956cd05fa9f8a0d0bd68ea3803fe8ee1f717b407604107f30b","10609"
"tests/test_evaluate_external_kh_frozen_release.py","feb12726837903169a4247e79b7d6113f9bea7708a2db65849e33a84dfdb1f19","3645"
"tests/test_evaluate_legacy_multi_assay_compatibility.py","083902baffb9988ef948317f1444141abb8a11a752fd99fa70376f079c1d2d01","664"
"tests/test_evaluate_legacy_v20_heldout_comparator.py","5442d02712306481818f0237552367b062cb7ead77ba30db56ee3ac97df2dda2","1397"
"tests/test_evaluate_multi_assay_candidate_entry.py","6f33791f6dfd4b1be3dd2e281058372fac1741e95a98a88bfc97858f06f1432a","870"
"tests/test_evaluate_test_aware_clinical_deterministic_shadow.py","ab57177212aac6dfd2f1a7f2b0888ad1ce55144561d98157d65b6e9160b37f9a","853"
"tests/test_evaluate_test_aware_deterministic_shadow.py","0bcfbc70c4cebdb0c9cf2670013cfc558981f03954e41e3734443e907a6135f8","590"
"tests/test_evidence_preservation.py","a7b2afc271cb16ee7274b1f416b31bf6edc1ca629016fc412321489379338b61","13818"
"tests/test_freeze_kh_ablation_a.py","b7286ceab76ccea7b09db840a703b94bc8ea4b36fbdc2d60f93616f8e8fd5afa","762"
"tests/test_import_phenotype_context.py","fbb0eb092dae720b7f14a35895df1f6b1d5bfc89d35b0d6178fa82b9d61deb0a","2704"
"tests/test_kh_ablation_c_g_f_report.py","ed075b300d5e531e59e94ff465d605bb14cac19481711c844dc54a855ed4cc75","1735"
"tests/test_kh_ablation_d_e_common.py","b2e193daf353df4bc9cf527755aefa3768f50edd1c58b38bf5d0888aa3f9fa00","2316"
"tests/test_kh_lost_tp_divergence_audit.py","7d0eb7003b47f12c503115efe89417cd518919d3107bd61578d0edf354575da3","1688"
"tests/test_materialize_multi_assay_ranked_context.py","b374f6295d6face480786e753812fb167632c5fd413e7aefa97422b1727a1120","991"
"tests/test_mngs_big_agent_postprocess.py","cf0a92e5a1e2d63f038ce2c73ad6a4c7d6fe8686e30203146e5994e71796bdbe","12946"
"tests/test_normalized_agent_fallback.py","296b3ccdbfff73e76eed37d05e2fd2b3e410611630cad525b4bb155f5cca1da3","15403"
"tests/test_organism_taxonomy_classifier.py","485fa7efce1c7ae1374ba2915f0cdbaa14ee66af7437273b31393ba8bb5fc518","7669"
"tests/test_organism_taxonomy_gap_resolution.py","dd8f3d15f73131263c6861d011c12914a16fe8cd1b8ca0919fa457c64fd5d370","1963"
"tests/test_organism_taxonomy_review_workflow.py","13548d6a6055eb4931463f2431068c263a5810f04f79c15ada9adcbe784fa9fd","15265"
"tests/test_pathogen_identity_and_representative.py","8d7009a79d66b5899042b93f49caf159a8bf1936085da26dc8bad8eb35687c6a","9218"
"tests/test_phenotype_event_context.py","717763ae519fcb0b345863133cb20d4bff2b461cad9ccdc3880ad7c6af7bafb9","3696"
"tests/test_possible_pathogen_blinded_freeze_evaluation.py","c2c4eb59e5aad1c05ed586fab928f3484100f67450b6d5a27a6c66f67229581f","4048"
"tests/test_ppt_patient_parser.py","261f99dd1cbd56bb3dffd57c91b54e83ea6e117db827f0717335e7fa396bc1c1","8419"
"tests/test_promote_test_aware_clinical_high_shadow.py","2ef8a2cc0015dba2daa0c8e4fba9549846ba9826d742a451c882e93e542b975b","28940"
"tests/test_reconstruct_pipeline_run_manifest.py","7bdc2649cee6dc113688240e5003043699723ac1082dc1f01ec8e075a39f1720","3082"
"tests/test_rehydrate_clinical_hospital_evidence_shadow.py","0880b8d3c38f0269186399ba83ff26a7fa0bc0ba242d8e130e2047bfa28c3712","3814"
"tests/test_resolve_taxonomy_gaps_ncbi.py","210213e5530436c5cbb226ee1b2b970f37d229fdd104ea36f189a2ee54b5279b","845"
"tests/test_retrieve_rag_v2_pubmed.py","98c0b37d4118ffc116393bd6155ecb04c0e1f6d2fb1c43b7fca51047bb00c718","4430"
"tests/test_review_missed_json_parser.py","c64ab967baf614f3d3b1d7b893d50dbcb4932ef271ff2bedca2bccf98cb37cbd","9490"
"tests/test_review_tier_convergence_shadow_v2.py","1162679e718d7ed25a2ff6febacb3ef23610e8de4b052f89ffc0ff44e482af75","1802"
"tests/test_run_external_integrated_release_v2.py","e91b9a1312933afecb50ea5eefbac75bc9a24de9693dc56d40200108dda12d21","5660"
"tests/test_run_kh_integrated_decision_pipeline.py","76aeffecf6c9d6dd3306f8315dfb0f502ef546422eb9b9bbfac364ba3fabc123","3479"
"tests/test_run_kh_integrated_release_v2.py","955d1888fc5f40284ca03195eef18fb1365c8a9dca1b3e5ddc0aeed66ede3653","5069"
"tests/test_run_legacy_scorer_on_multi_assay_shadow.py","2db95a10f540e86b8ac4165e1a56d6c1db0a9606b129ed8f7c59967afc196618","3748"
"tests/test_small_prompt_evidence_contracts.py","03ed121d0b8027e31af382c2f0e7d651b7d4e4f7956603a98cf202da4ec0f204","3015"
"tests/test_source_provenance.py","0c915164cb9ea2fff6b10564a7ab4a4e75db88ed35a061ca98b6b26786bf48d9","4123"
"tests/test_test_aware_unified_reporting_v2.py","b1e55a5e7d6be09e0743c5fa89e3a27f81a24331f197a89520035f22cc890abe","20729"
"tools/__init__.py","e3b0c44298fc1c149afbf4c8996fb92427ae41e4649b934ca495991b7852b855","0"
"tools/add_mngs_to_specimen_evidence.py","474a8b5b4a9c3cc6a89783c3f015ba8896f1e555a6b34c69101f45c08b2dfb1d","10273"
"tools/adjudicate_rag_v2_packets.py","cfab32da36291926ce40feb62dc50c7604f69fdef65d04a10f5feac0439a557a","60911"
"tools/analyze_kh_family_aware_technical_repeat_shadow.py","50e65c678eefa51c94ed6f08334a95e762899942957d11198b7fa2ccd9e90819","23774"
"tools/analyze_kh_low_specificity_repeat_routes_shadow.py","18fdc5742fd5ac9b42765ab86dbd3fa92aa627535dcbba04accbb50b600eb9ea","18005"
"tools/analyze_kh_technical_repeat_value.py","8ff7da34e7be0203266446f3df75b3a785004e359d500110ee1c30125199f62b","15102"
"tools/analyze_llm_agent.py","294be8960281e28e4efbfcf21784e16b38392dee6a281480319e3256a499dc56","22808"
"tools/annotate_deterministic_mngs_max_tags.py","8c10270563c1e554d1ac3d0a31bc62cb026de916cbb8b8353393b8c88724b806","13767"
"tools/apply_kh_manual_high_review_overlay.py","c42feebb9401dd6d4d5faa851dcf65ca488ded43298d058bb5769748b879394a","5659"
"tools/apply_test_aware_history_route_shadow.py","728829beafdab7f86f758b1fe86c42caeac04f098732571914142b86f4018042","69449"
"tools/approve_organism_taxonomy_reviews.py","f0811d1ad0f7141ffad721b948adfad5747204d8c3333b806335ceaa1c4ab8b5","6693"
"tools/audit_evidence_preservation.py","9d7a959aa0d3100408aeb030aa79c739a33ff8c7629430cd0b42ff1abc641dc1","18603"
"tools/audit_excel_to_raw_contract.py","d52e00bf4ab349f7ecd57fb48748e10290cbb1003437636fb1f4503e76f2e5f1","14009"
"tools/audit_external_validation_compatibility.py","5db9c30cb878e9b8cea17967e37b47e83ce6fa2cf2a7e11460402da3718199c4","17954"
"tools/audit_heldout_v2_6_validation.py","fef38fcff50c0bec5de1248c574e387227ad7ce8f5b381583daad0436f36f331","14617"
"tools/audit_kh_cbc_other_lab_evidence_chain.py","9efaf364be7b277e56da30a2573152298d50e9476ade65d2e7cdbff6ca88bd9a","22602"
"tools/audit_kh_culture_evidence_chain.py","562052558abaced79f814f8216bc998db71d4a335491a0d7c131267361a73c4c","31090"
"tools/audit_kh_filmarray_gm_evidence_chain.py","520a81209fda4692b87d78e5992876ad43a8fa03c81eff82ab18125b6c22bf8a","14219"
"tools/audit_kh_mngs_frontend_evidence_chain.py","40b39e66a36011689dce4f662f07142a10d84484f33c8256dfab611e79a2baae","22256"
"tools/audit_kh_mngs_selection_protocol_semantics.py","312792529f904b42b026167472955ae46b13726c29890746da0ea9cd4dbd5c5e","28788"
"tools/audit_kh_targeted_molecular_evidence_chain.py","459d4c991b461dbb48171af484d02b634b111fe8cdc3ed219457030e046625b4","12772"
"tools/audit_kh_taxonomy_end_to_end.py","6ec994a14aa89c78ffd2839e0c65e4f667075b2a8ba671c4381ad47ff75faf75","16212"
"tools/audit_kh_underlying_medication_evidence_chain.py","e68bacfd1d2805d3c57b4a647efe0c1d03e8367bb6ca1d6364ad6c71edc6ff07","15028"
"tools/audit_organism_taxonomy_coverage.py","b4ff6ec568c5322364d1b09e8fd9193bdaba116557bf82d6feef114fd53a8d33","7453"
"tools/audit_phenotype_patient_linkage.py","a6e75c3f10dc9a09311c7a65402b971f116f8b0b5e7a7a69c81042ac1d94856d","42066"
"tools/audit_phenotype_source_linkage_dedup.py","40735a8d459bb50b338a3bdcc9559d8f7a639686d61a24348c32875af73450d0","18341"
"tools/audit_picked_false_positives.py","f849c3bc34f63a205d01d11ad9f58092ddf85510a4eb1312a32f122aba9a786a","58010"
"tools/audit_reviewed_taxonomy_overlay.py","114034f9027f61eb3bb98510e8a83a4a0514c12f050d2eb1b561c925c4a6fd83","7468"
"tools/audit_source_to_normalized_contract.py","f2d157ff7ee8b3124b956d5fc4a5744855ea21a7aa680d07be9b2d02b85a0db4","21813"
"tools/audit_taxonomy_draft_impact.py","839a884f462c1ffa45611cfc0cf079efe2b8bb37369a4fd31e007e9630c76119","7487"
"tools/audit_unified_reporting_v2_false_positives.py","93107549e1b39a0022796dfeee6bea715bc6df4ba454c9184cf98457164e131f","11252"
"tools/auto_decide_organism_taxonomy.py","cd2061044b66110378f85c1e3fe2a9675f10713ca42d6f3a20c252a15e11363d","39024"
"tools/batch_split_runner.py","e79327424c66ab53ed69e84e5d3f536ef37edc331e0e35e432db5c1be7539631","6234"
"tools/build_chosen_ranked_mngs_from_excel_mapping.py","60672252dc5854086fd5588db3ff5874544549e5b89407556479938d02b7b333","8734"
"tools/build_chosen_ranked_mngs_from_mngs_to_specimen.py","fb1ab34d720d9f09136ffcc630ad56393b940b9683cc0609988f43d9adad43e0","12284"
"tools/build_compact_multi_assay_entry_shadow.py","f7b0d80393b54b465139b287c5c47a2f893aa36bb5ad442d4259cae1bd6410f7","12482"
"tools/build_context_convergence_shadow.py","4b93abc0a942af950316326033b3d7e902530f7123ebcf83fde7320ecd0fbafb","10844"
"tools/build_deterministic_summary.py","f303bfd252767835a894b94389ae75d8c995164d6048a2da7a986afd99376cc9","58063"
"tools/build_external_kh_answer_contract.py","735d0af63078ecb8d84e5fa1cdd8f4ec1dd10e036ef705a86b17b357439ade7e","16544"
"tools/build_extracted_workbooks_enriched_shadow.py","5f88ed7a91ddc0d1b14e28e5db9f8d96f7fa4fd0e0e1c9682ecec358ec7fba63","24389"
"tools/build_extracted_workbooks_pipeline_input.py","147a7e4cc774486fb60f648e73891d4adbd14d1e6e919986a006658a82674814","10645"
"tools/build_independent_multi_assay_screening_shadow.py","64abdf6ed8c2636e9a9e2f4ac4b7f930bab1c93bf9d1fc0e4b64b6a7e6b37550","12452"
"tools/build_index_event_clinical_timeline_shadow.py","ec294408da70d95582c85f073fbd252a99b5fabf5b05a3ccf3126fce9fe80a5e","21120"
"tools/build_kh_ablation_ag_v2_report.py","ee94f02e17f40dea914ce28880a80f6bed907deb6237a7a9531816cce3b80ee6","20852"
"tools/build_kh_ablation_c_g_f_report.py","9e22f669c884508b0e1b7f3b163dff4416a9b7fb7648458338cbce5482df07ff","21457"
"tools/build_kh_ablation_common_report.py","9dedaea59411642cee95abd1ef8344dba8920b3aa342267a180bc7dd0f9fc0da","15584"
"tools/build_kh_anti_overfit_clinician_shadow.py","80274928578a4f4fb31dcc7c91c34d445db1efb272641f3a6e2cb3ab4ddccf8d","6555"
"tools/build_kh_final_output_overfitting_audit.py","e5f437b8037a87b1ea6c756e55733c05c74ecf975b306e8dee4cc59b9091ac30","26397"
"tools/build_kh_lost_tp_divergence_audit.py","f1dd6eed3c7ec05a40d916ddb03b6bdb4c7937afca8dd06bc217f5f65ddb5af5","27138"
"tools/build_kh_old_new_operational_delta.py","4def8d9ced7110ed08393dd252dbff2c62d50bd09c9b00209bc2f1aa6b4900f3","11100"
"tools/build_kh_old_r5_vs_new_f_patient_comparison.py","372dce600e6662c68ea75e11a2013abbe32be886288903d2961826251ad14458","7762"
"tools/build_kh_organism_rule_review_report.py","f64f0b12cedbc4d6aef742fd1709108c09177b528df13d0e969d617fa285225f","33421"
"tools/build_kh_professor_comparison_registry.py","489a23ebaa614f91c084cbc90b125823ae45adb48dabfb09fc73ce50ff0728bf","5194"
"tools/build_kh_taxonomy_completion_audit.py","54bde6f85f045ecac34ffbc37714f03ec48cde185bc9cda74b1289e968342495","21565"
"tools/build_manual_style_multi_assay_screening_shadow.py","05c9e140c5a074b60a65131f7efacc035f62573ddd3f944d1d71cf004f193197","4432"
"tools/build_missed_candidate_review_queue.py","837b2e71c3186137cbe56e43399c9a25f8dcbee94d0bdbc068166e3f4840f4b5","58881"
"tools/build_mNGS_data_mapping.py","7ab5aaeb5f7b5890cfc06ccb97ca315f67a78a7001fab8ac3a9194b069e5d5aa","25014"
"tools/build_mngs_grouped_from_excel.py","ccbfe537f54e3ed67b0018944d1d2e0a37f47dd1a29db77b881557ba70536606","10114"
"tools/build_multi_assay_mngs_evidence.py","11f48dc1e84d8a4507edd483ef20cbe3aa8ed3a55098790fb3573d87f8bf1b67","41765"
"tools/build_organism_taxonomy_review_queue.py","965ac69e6584bffceec2189fce033e863e9cfbd8f6acffa3f5d16e341240b140","6195"
"tools/build_output_only_false_positive_audit.py","33a0f4ffad3d83389d0fef55c0c0103a6666b81b16dcdc90b5735e5cabac0303","19867"
"tools/build_patient_cutoffs_from_mngs.py","0d0b73af1e3b1cc6929a1e57d98471b87886b19cef103f6515efdeb42633805c","3925"
"tools/build_patient_database_index.py","5bd8dc2ffd24919f90b8d8066508c5b998ec7bdb2030261ab52a1740ba8936de","21308"
"tools/build_phenotype_decision_evidence.py","12ab744359f1f852c1033a39a464532a757f63dcafaee93ab16f9bcb9936fe87","10167"
"tools/build_phenotype_event_packets.py","5cad2ad83a61df8619b4c1b90f9fb8b7ef009e2e4c0457f3c1ca8628d3a517b3","16795"
"tools/build_picked_evidence_axis_audit.py","e80a07c4986305f12feea0c8f4dddd28edc23bf3ed7cb968970f517243e4ab96","42308"
"tools/build_possible_pathogen_blinded_review.py","9328f87b5c1817b76623a3f71ad4e49d624e957b5d8f4dc5121e9a8bfcde73e3","16880"
"tools/build_pre_review_taxonomy_snapshot.py","c0c07b72a226ce2d5462b8af060e032773ce5689b99997c93f7e53f9e80126fc","3803"
"tools/build_rag_prototype_cases.py","4b6a616a8dfa76e76532b72e3ca6bb4f3605e1ce192c81c1a794757dce691835","26541"
"tools/build_rag_v2_adjudication_packets.py","189c46d3908cf79f0a00de84b9afac048ebf04fe68080f7363c6b112fada1152","7529"
"tools/build_rag_v2_calibration_set.py","e8ce4fa2d59f6e6056910db1f9fc289340321d732c1a9d91e032c742a5807b89","18196"
"tools/build_rag_v2_inputs.py","eb9f039cd7f35f6f9a010eece1289c216070b23848ef1bde3772fb3b154967ba","34015"
"tools/build_ranked_mngs_from_grouped_folder.py","b635d14f4eac3908d27572a3005c0cbe404dc0ff55fe2eeb318e68f3976852a4","13490"
"tools/build_readable_mngs_selected_review_report.py","f8ecec01e681115a06771a11c932d641fa3c309d11f12a10ad1fc3efd6de88a7","9759"
"tools/build_review_tier_convergence_shadow_v2.py","f8664add33cf204b2f9e808a943cc70abbff42a0367393ce6f61480f2ffcdec8","19600"
"tools/build_syndrome_pattern_shadow_audit.py","6701bbb35cee83350923f442c5357534f0df421fb06b28264aeb0c4a33caa4f2","24902"
"tools/build_test_aware_candidate_phenotype_shadow.py","76b96be9985fe1330bb3d146418ebd608a6491b7224ff071a2ee7f56d5e946db","6213"
"tools/build_test_aware_clinical_deterministic_shadow.py","2e8abc17df7ace495fbd171e137ab04b62a1ec16f115e60ba805660be3f136e3","25346"
"tools/build_test_aware_deterministic_shadow_scorer.py","b45741141166fea53c121b0e62da9d5f1688fac617d7924185590490bc824c5c","43034"
"tools/build_test_aware_mngs_screening_shadow.py","92136f0b94a231615e3b098e8b7a7f203a0783ee081323c12308ff5dba58ee6f","22730"
"tools/build_test_aware_possible_pathogen_shadow.py","3e2e16df991beaa6859ea74e11094b04b89deb978735a93460e90dc5317faf23","49196"
"tools/build_x3_level_views_from_source.py","40c10988d4b315ae988041a636f3675d004e912ec35477d5739f7d4fb47ce759","7611"
"tools/candidate_evidence_profile.py","b16cdbe3084f384aae20729096f1ad297b0ff86a0294570d0a7dcbe4c563440a","17905"
"tools/candidate_phenotype_context.py","021e78a0824feb4b2c891d447596feecb1f18d5b280ccdb3a20db1c37256e561","19029"
"tools/check_big_prompt_variability.py","2829b2ef39da56e2872e53a941a4a43c8ea09556510176e0b190d053aa5141ed","17150"
"tools/check_excel_duplicates.py","8a0678d0505535af0b60d573769bb63d8f8bb39759af78ebbe8a754e4291e851","4649"
"tools/check_mngs_max_prompt_variability.py","226cd82e28f482e70de3f5f98384f6b4b15ac7a6c3869c1551017b0bed9a786c","22450"
"tools/cleanup_mngs_summary_outputs.py","0a82f43eeed4b223666b9bfea4ee4738b419261d9a2d10956e46df3bd76519e4","5631"
"tools/codex_cli_auth.py","05e50cffa6bcc89c433a1f7e9fad30b370919cbb3b49adb6772ad1fbf3fdde90","1457"
"tools/combine_rag_v2_production_inputs.py","5e4da8cc9b8c5fc01fbdcbc76013e08a3164b1f16a9489e08754e271aec91542","5373"
"tools/compare_aliasclean_baseline.py","8d48d1cfb19e62d0ddeddd1d745f8ba58656bb66584ebed93647b3d9e0bd3344","20953"
"tools/compare_best_available_name_aware.py","5a46704fe86800a2f19a545cf23014ad475f12d1be82d730d0ac3f2648169e32","7913"
"tools/compare_final_summary_llm_vs_deterministic.py","69c898d7b4e2f4309072089ca7f5c224acb9342d112e9abb1f80900db3971ec2","14423"
"tools/compare_frozen_heldout_releases.py","9672235de7b2ef792f1574bf12f3a6e6a4f68bf55c504a5fcbad0ef7ed5eac35","5462"
"tools/compare_mngs_max_llm_vs_deterministic.py","91298f59384bff684673c550c1c1c4d10cc5b7ba738b34eb0e9f8eda89368f4a","11613"
"tools/compare_mngs_max_with_clinical_excel.py","9d373eb1d9b885123de5864ca67c1abd5106bf671b1b9b561d4ed79968af4cec","13481"
"tools/compare_mngs_to_specimen_with_excel.py","b4325971e4ec5ba7ed9337437aac76a50d5c6310ee184b2ba29c3b69b73e72bf","20113"
"tools/compare_shadow_pipeline_outputs.py","22e30c39003a36cf64b0d058ebab47781d920e90110603a2e381abaa8e2c9137","11845"
"tools/compare_test_aware_clinical_runs.py","a9828425ba28d059a52cee0142b8bd919aa17f57674f45be12c25fa833f07ea3","14823"
"tools/culture_bal_extractor.py","a4f0b29d00647825a13e7d7b47e47be6ae00e441e4bfe025bed0991f59f273ba","21441"
"tools/deterministic_mngs_max_scorer.py","e349dfff5d419729c394e90d8eae97e1429312ad95b931949247b535de4a9feb","149299"
"tools/draft_organism_taxonomy_reviews.py","2749c3b79f0160940cd777f12518c43926d9a8d324822f6f2fcebca8329b53d4","15323"
"tools/evaluate_external_kh_frozen_release.py","ffaba2a877ea9eff3099a16e0af3d90ed9be1f0602f236789066753e9ad6ac80","12146"
"tools/evaluate_legacy_multi_assay_compatibility.py","2a4258f03185563f9e5be20cda4c103885d05b3b429b6eaf95f6bd823b2ad2fa","6453"
"tools/evaluate_legacy_v20_heldout_comparator.py","58702b971520503861bc933577d7ef55aa371f7d5969b7c9c2f56f11d3d3167c","17308"
"tools/evaluate_multi_assay_candidate_entry.py","2db7f428b19d2b9d00569a0944bb07c9137633e63d689d0687056e1928cb3b34","8590"
"tools/evaluate_possible_pathogen_blinded_adjudications.py","23406650bab71d620dd35acf65c4113142e8dd8668babbac7a0faf32e3a31112","7342"
"tools/evaluate_rag_v2_calibration.py","e38014c3297c3b7a5b30a949bf6bdeeca4e40403012b79eb778bbcf2e9aeadc3","8486"
"tools/evaluate_test_aware_clinical_deterministic_shadow.py","762be9fdf762ee8af0e057f54e3b9a0d6e49cc2b004d79c3c852bc39a5a1453d","4158"
"tools/evaluate_test_aware_deterministic_shadow.py","0658b6ed4f570100194a33935d10e3a49756d9bcb798ef3eb05df309b8b3d45d","7723"
"tools/evaluate_test_aware_possible_pathogen_shadow.py","665e9632a1eb2bbdefc770ccb14f12096c014cfc257a3ceadab66ed73b2438af","6774"
"tools/evidence_preservation.py","eaa6874a570a9207ff75347550dcd67716611f80bfd803c6924f14a5b5f4d88d","55390"
"tools/explain_deterministic_mngs_max.py","a59549976fe905d100254af6b8d9a9f5a51296951f4ed268e94d77aa6c3e9688","14037"
"tools/explain_deterministic_mngs_max_with_tags.py","e15d2c850f25f8ae3ca883b23d54a31de20dd89db123275bec258753cf8229a7","5460"
"tools/extract_mngs_candidate_microbes.py","d0b2ca46a600f460c4e45eb9522b881ddb3c6ed75f502ea4c20144f9d80f394e","11935"
"tools/filter_mngs_by_cutoff.py","57398ed6b6fbfc394087119ece17c854e8b01e06d72d3daf34b8ca1b7e9d3b3f","4333"
"tools/filter_patient_info_by_cutoff.py","2ae8bc18d2ec75b0af84d92af9d420e733a36341a46ed5b5760324e041976e4e","7876"
"tools/freeze_kh_ablation_a.py","1ab6c9a0f4e197c5d7dd6da3148cac6c0774b4aa13aa0a1571cace971ec85d15","20264"
"tools/freeze_possible_pathogen_blinded_adjudications.py","c6dcba2d347367a4afad460d7733e756a7d577daab8573851b79ae3a50fe3112","4927"
"tools/generate_source_mapping.py","ca6043374549234720b33c0f7cb8bf3125e9c24cd0cfc13a5b94029532efb403","2093"
"tools/import_phenotype_context.py","85b7a073a0850b3a1d90e84a27ec64a70b9a278bf6a18e57428df2a95d3d4d3e","19808"
"tools/llm_requester.py","6fb44a815bfe25546e117c456c8c1560e7df9c73661423f0156ab193d997719b","6187"
"tools/llm_scheduler.py","91e8ba9b1ce2c5d821fe4aeb5762489ce8b0ca01a5c45bfed590188ce4d52405","10354"
"tools/materialize_multi_assay_ranked_context.py","66a0a0cc1baf8fe48d4f1a687b70d4f27ecd281cfc41278d5b885ee1a186e00a","5364"
"tools/merge_deterministic_max_with_missed_review.py","0a6cfce4b907ce18ee9e5b3e230ac48965c829c72eb05d17d0fb17787e3b47af","96790"
"tools/mngs_big_agent.py","7a3af1969e25023c5a6e15d5f7c6a1d3df072748a4d187c98cfb4b2db67f4db8","58538"
"tools/normalized_agent_fallback.py","9265fc35d49eb18e9ff85f26f8c0cf1e52b396e12b47c7763aa5c1305e7089a8","46530"
"tools/optimize_low_colonizer_precision.py","0492372a66bd74aa762e602488c57cfef1fb5482b9bfade49faa0a9f26d3afc1","22175"
"tools/optimize_low_colonizer_precision_lite.py","219ef4ea83a669424bca0c3fd98269041a6d5cafa932a3d0ceae0624e50eaab6","47653"
"tools/optimize_mngs_rank_read_precision.py","f21140830b73ad18ba2d967ab440c56c4618d173cf3c5753eff294cc5b8cf593","39062"
"tools/organism_taxonomy_classifier.py","32e64c9661d14757dc121900f1972547790cde54bb890b2eb5b801e356f1e260","10273"
"tools/pathogen_normalization.py","6076a87cc3d6f255765de666ebaecfbeddddb52ff06badbc6c230259b8bd91fa","11163"
"tools/pathogen_rule_lists.py","a19548615b1ccfb62c82c5348819a183d30e645b1343782c423f463a22542989","2607"
"tools/phenotype_event_context.py","75fe9e6b3d6734c29abcaa893cef6d7b5086afdffd9bfbf70156f1f59974f304","3187"
"tools/prepare_patient_batch.py","83b7724235158d1cd80da82325e5a6de6489889b0413ab7f554d7d3e7c14f5a8","10919"
"tools/promote_test_aware_clinical_high_shadow.py","e5dfd63cac73c4b97d662e4c8a00f544779f1127ea05c8b09e44e910b57e71e9","35294"
"tools/promote_test_aware_clinical_high_shadow_v5.py","26649c398ec7336ccfb70d78cd9fb6123384287f6e62e2661eb8ec35273068a8","4619"
"tools/promote_test_aware_clinical_high_shadow_v6.py","cbea71a36fa30b3fc8e6704522228ec893fa0710f0b09a7bd4c92b262958bb34","9663"
"tools/promote_test_aware_clinical_high_shadow_v7.py","a27dc3cfa09ac51e4da20a1e8196baf2d6f0dd840e1bc0eb194607a7ecaf9979","15811"
"tools/promote_test_aware_clinical_high_shadow_v8.py","268c5d0ed08b18a313f3161e9e21c998a1394a00c95b84559fe5f295df1da7b8","13667"
"tools/rank_mngs_candidate_microbes.py","6e87d0dd160fd9762806d4865427bc390d2eb27e2f48a44dcfd65120534dc821","8286"
"tools/recalculate_kh_benchmark_metrics.py","083dbf24513389e014ddc7170c6c8b53a242dfd2667b8b99ad517d2280b0916f","17116"
"tools/reconstruct_pipeline_run_manifest.py","c3d617308c937725693ba42a4d5196e244c64a0fa36ec1bafc34aa54c8602be3","14978"
"tools/rehydrate_clinical_hospital_evidence_shadow.py","0c073348d732dc7f7e9ca3734383502f543f875b9ef402837292362f7769b6e5","11859"
"tools/rerank_mngs_two_stage_guardrail.py","b996ab7b52f140839521d8286be92d5e57e57d53ab47330c3d1eb191891f7c61","42693"
"tools/resolve_taxonomy_gaps_ncbi.py","2a3f737ffd4ea393343ef59c84389ffc9a092bdf4af42de928a4415cae4d8122","7795"
"tools/retriage_existing_missed_review.py","091cabf541c4b81e4a56692b4b005aac40767b2e2ce87dcead910e015c8a41ac","5993"
"tools/retrieve_organism_taxonomy_literature.py","73a9ab334717209d6f0e33ba22e003046f762ed7b0c02576b7250a5b16b95b2f","3756"
"tools/retrieve_rag_v2_pubmed.py","3a8a56f775ad01298f5b6d2108e2abebee916907ff8f4efba995e736778bcbe8","34629"
"tools/review_missed_mngs_candidates.py","1f45e545ae4a7e13a246f4b1d4c469157cb3220fba6728a18f0484d71088d26a","157978"
"tools/review_triage_rule_table.py","824995192d96c073964e8176149b2cf2e8da17fa83263835a07cfef60ca12dd0","22656"
"tools/run_external_integrated_release_v2.py","d0fc52282bd4cb91940a7da4074a3572cdff0fa659421b2c4bf1fb81cc3802f6","24716"
"tools/run_kh_ablation_current_scorer_no_history.py","acd71bceb7350e3dde0a212b54b74ab254abeafb17ba3f572eb3d48d7871c4d3","12444"
"tools/run_kh_ablation_d_history_only.py","90f74e6cbe734931c0e81c1eae5cbd664418f24d418dcf3703950c5d8ce712de","27153"
"tools/run_kh_ablation_e_taxonomy_only.py","02ba844f974b888fc5d1615e1fb8f485331fd059119c6801344b39f478e44080","16802"
"tools/run_kh_ablation_e_taxonomy_only_v2.py","981334d87376243db0060d4c037e4d3a259810930d0a6feb87cedc13c84478fe","8840"
"tools/run_kh_integrated_decision_pipeline.py","79b40749c9c6b7f5be6d1273720323a6930dc72c8c9abedf7302c2b32e73b9a2","24866"
"tools/run_kh_integrated_release_v2.py","b4c4717eace7a1711de01cc0877ef2499f29b145a05f49704a625118ee246b04","26917"
"tools/run_legacy_scorer_on_multi_assay_shadow.py","9006027eda706d6410e91e06a8ba816c12d368282f4e10a3fe1c706f54fc503b","16144"
"tools/run_mngs_to_specimen_agent.py","26361f05f915cb4c0f28e36862148212c764d710cadcab6c47297ba86976ee28","50999"
"tools/run_mngs_to_specimen_full_pipeline.py","65cd81b6f958f5bfff07d1872dc0d43e3842e918aa6bbfa6ec08a06ac4d25ca6","6246"
"tools/run_mngs_to_specimen_v4_deterministic.py","e9cd0184a2b39d426187508784d4de46abab9baa75080c560cd11b4b314915a9","4442"
"tools/run_unified_reporting_robustness_analysis.py","a8e3d51f45b963694f1897d2536f052ceb2111cbadc2d2455b293846cc5e01c0","12268"
"tools/source_provenance.py","e2ec612af8ed6fc69953ec89a78b5fef1495e347378e97a36039a49cd4b294ba","5081"
"tools/split_mngs_by_patient.py","3a0f61c6af8d5220046d99499a72a3c8e8880cddbad503c86812b0b619653b90","2796"
"tools/split_mngs_candidates_for_llm.py","481c0a55d29fc56063e3b8071cdf121b6fefe75f65c831b5a4506b570f8ddc87","4759"
"tools/split_mngs_to_specimen_outputs_by_patient.py","754fffe08325c54403043b74b7713649501eb6766856eea74be75d549829d88e","3259"
"tools/split_ranked_mngs_by_patient.py","538c6778625d9580fc6f43ae4d40ffa00c2f95d5d3c85bc4c047b78e4cc92608","3899"
"tools/sync_selected_dna_mngs.py","bfe78e07ab38c96f46b743eb99fce8c861522b96542afbb8c96b1a389a52ddfe","8025"
"tools/token_count.py","57691e002563f655de8e2b092700c782712b6a69e27d88a52a30db470de994f4","4591"
"utils.py","a7b730118b60f77e12705573fca047ebc3fbeed0756daa4fcb2650fbd9c8cfb6","2637"
