path,purpose_and_retention_reason,sha256,version_status
docs/COHORT_CODE_PROFILE.json,鎖定此次驗證使用的程式內容，拒絕默默換版。,89b2898605c155f6399e6bf076172b50d542e3cfb1ad427d504fedabbcb4bb4b,New organization-authored adapter/document/example; not a historical research version
docs/COHORT_REMAINING_EVIDENCE.md,保存缺少的原始生成與版本證據，避免誤認完整歷史重現。,b28db7e93a6891b0a91a626c1837e71184720dc81d4622c66fb0464ccf9eaf84,New organization-authored adapter/document/example; not a historical research version
docs/COHORT_VALIDATION.json,公開彙總實測數據；不包含病例與私人路徑。,30ad4900998f391d3d8f60031e2569c41fa95a831d5ebeffde9d5531541c0601,New organization-authored adapter/document/example; not a historical research version
docs/FORMAT_PROCESSORS.md,保留Excel/PPT/Table 1格式工具的操作與驗證界線。,7cff1d752c6033f28f2111abc0adbae5fbe9eb65561d971fc9cd35c5bc832bbb,New organization-authored adapter/document/example; not a historical research version
docs/FRONTEND.md,兩條主線、集合範圍、程式與銜接契約。,50649f80e107656f4eff28aac06a94c9d6f02b564b47cf994ef6f9adcca9da8f,New organization-authored adapter/document/example; not a historical research version
examples/frontend/cohorts/KH.synthetic.json,完全合成的分線範例；供公開重跑與檢查ID規則，無真實病人資料。,ed1a7c4fdeb8fbc1dc4db78a2fbeb2624cb89ac6cd0f3f5ce86e707ea933d7b5,New organization-authored adapter/document/example; not a historical research version
examples/frontend/cohorts/KH/NGS_patient_3_CBC.json,完全合成的分線範例；供公開重跑與檢查ID規則，無真實病人資料。,d13f32bfbb935979b5443780ea0f3a2c2bdf95f828d5e94ee359c74544310023,New organization-authored adapter/document/example; not a historical research version
examples/frontend/cohorts/KH/NGS_patient_3_admission_diagnosis.json,完全合成的分線範例；供公開重跑與檢查ID規則，無真實病人資料。,a5338d955b09046ec0b16f3a9625b7955c763aae07dc722e474e6078745f932f,New organization-authored adapter/document/example; not a historical research version
examples/frontend/cohorts/KH/NGS_patient_3_all_RK_NTC_microbes.json,完全合成的分線範例；供公開重跑與檢查ID規則，無真實病人資料。,bc5327111ab34b1e2e4cc7e8c98841b26ec47a712d48f015fd496e87fa64f120,New organization-authored adapter/document/example; not a historical research version
examples/frontend/cohorts/KH/NGS_patient_3_culture.json,完全合成的分線範例；供公開重跑與檢查ID規則，無真實病人資料。,a5338d955b09046ec0b16f3a9625b7955c763aae07dc722e474e6078745f932f,New organization-authored adapter/document/example; not a historical research version
examples/frontend/cohorts/KH/NGS_patient_3_filmarray.json,完全合成的分線範例；供公開重跑與檢查ID規則，無真實病人資料。,a5338d955b09046ec0b16f3a9625b7955c763aae07dc722e474e6078745f932f,New organization-authored adapter/document/example; not a historical research version
examples/frontend/cohorts/KH/NGS_patient_3_gm_test.json,完全合成的分線範例；供公開重跑與檢查ID規則，無真實病人資料。,a5338d955b09046ec0b16f3a9625b7955c763aae07dc722e474e6078745f932f,New organization-authored adapter/document/example; not a historical research version
examples/frontend/cohorts/KH/NGS_patient_3_image.json,完全合成的分線範例；供公開重跑與檢查ID規則，無真實病人資料。,a5338d955b09046ec0b16f3a9625b7955c763aae07dc722e474e6078745f932f,New organization-authored adapter/document/example; not a historical research version
examples/frontend/cohorts/KH/NGS_patient_3_other_lab.json,完全合成的分線範例；供公開重跑與檢查ID規則，無真實病人資料。,a5338d955b09046ec0b16f3a9625b7955c763aae07dc722e474e6078745f932f,New organization-authored adapter/document/example; not a historical research version
examples/frontend/cohorts/KH/NGS_patient_3_underlying.json,完全合成的分線範例；供公開重跑與檢查ID規則，無真實病人資料。,a5338d955b09046ec0b16f3a9625b7955c763aae07dc722e474e6078745f932f,New organization-authored adapter/document/example; not a historical research version
examples/frontend/cohorts/README.md,完全合成的分線範例；供公開重跑與檢查ID規則，無真實病人資料。,4453d952641ea555aefffe655f52332d10c45cac73f24fa86a57d4a52f65d77e,New organization-authored adapter/document/example; not a historical research version
examples/frontend/cohorts/source_index.synthetic.json,完全合成的分線範例；供公開重跑與檢查ID規則，無真實病人資料。,187868ea510142d6c0884ef906488d4fb4680beaeeff93a37d9db16e002f9e8c,New organization-authored adapter/document/example; not a historical research version
examples/frontend/cohorts/two_hospital.synthetic.json,完全合成的分線範例；供公開重跑與檢查ID規則，無真實病人資料。,ca42825c173d8bdeeb643aa801a9c8353fdb91efe07467d83fb900dd069b882c,New organization-authored adapter/document/example; not a historical research version
examples/frontend/cohorts/two_hospital/NGS_patient_54_CBC.json,完全合成的分線範例；供公開重跑與檢查ID規則，無真實病人資料。,d13f32bfbb935979b5443780ea0f3a2c2bdf95f828d5e94ee359c74544310023,New organization-authored adapter/document/example; not a historical research version
examples/frontend/cohorts/two_hospital/NGS_patient_54_admission_diagnosis.json,完全合成的分線範例；供公開重跑與檢查ID規則，無真實病人資料。,a5338d955b09046ec0b16f3a9625b7955c763aae07dc722e474e6078745f932f,New organization-authored adapter/document/example; not a historical research version
examples/frontend/cohorts/two_hospital/NGS_patient_54_culture.json,完全合成的分線範例；供公開重跑與檢查ID規則，無真實病人資料。,a5338d955b09046ec0b16f3a9625b7955c763aae07dc722e474e6078745f932f,New organization-authored adapter/document/example; not a historical research version
examples/frontend/cohorts/two_hospital/NGS_patient_54_filmarray.json,完全合成的分線範例；供公開重跑與檢查ID規則，無真實病人資料。,a5338d955b09046ec0b16f3a9625b7955c763aae07dc722e474e6078745f932f,New organization-authored adapter/document/example; not a historical research version
examples/frontend/cohorts/two_hospital/NGS_patient_54_gm_test.json,完全合成的分線範例；供公開重跑與檢查ID規則，無真實病人資料。,a5338d955b09046ec0b16f3a9625b7955c763aae07dc722e474e6078745f932f,New organization-authored adapter/document/example; not a historical research version
examples/frontend/cohorts/two_hospital/NGS_patient_54_image.json,完全合成的分線範例；供公開重跑與檢查ID規則，無真實病人資料。,a5338d955b09046ec0b16f3a9625b7955c763aae07dc722e474e6078745f932f,New organization-authored adapter/document/example; not a historical research version
examples/frontend/cohorts/two_hospital/NGS_patient_54_mNGS_grouped.json,完全合成的分線範例；供公開重跑與檢查ID規則，無真實病人資料。,7ba7f4f4f20e95d433a3b34041d6537494257212dc0a81ce70ff7b4be7925fd5,New organization-authored adapter/document/example; not a historical research version
examples/frontend/cohorts/two_hospital/NGS_patient_54_molecular_microbiology.json,完全合成的分線範例；供公開重跑與檢查ID規則，無真實病人資料。,a5338d955b09046ec0b16f3a9625b7955c763aae07dc722e474e6078745f932f,New organization-authored adapter/document/example; not a historical research version
examples/frontend/cohorts/two_hospital/NGS_patient_54_other_lab.json,完全合成的分線範例；供公開重跑與檢查ID規則，無真實病人資料。,a5338d955b09046ec0b16f3a9625b7955c763aae07dc722e474e6078745f932f,New organization-authored adapter/document/example; not a historical research version
examples/frontend/cohorts/two_hospital/NGS_patient_54_underlying.json,完全合成的分線範例；供公開重跑與檢查ID規則，無真實病人資料。,a5338d955b09046ec0b16f3a9625b7955c763aae07dc722e474e6078745f932f,New organization-authored adapter/document/example; not a historical research version
frontend/README.md,前端入口導覽與分線理由。,c3f7c0a2884bd44650d302aa25300b53cdecef862226f235b0d0540dbd6b2e2f,New organization-authored adapter/document/example; not a historical research version
frontend/cohorts.py,共用分線驗證：來源SHA、病例命名空間、檢體、分項與上游內容比對；保留以防兩院誤接。,272b25bc3f2cf9386515e0a9ce55ab8977be47754d18234d0630f836f3b3c408,New organization-authored adapter/document/example; not a historical research version
frontend/kh/README.md,高醫來源、內容選版依據、ID規則與未確認事項。,9c8fcb0ab770704ed892776b11982a40b8a8f1019fe3ffe04c4ea01f74277789,New organization-authored adapter/document/example; not a historical research version
frontend/kh/run.py,高醫專用入口；強制臨床ID依K病例代碼，另外綁定global ID。,2fae88004142e2387d69004d0f172fe1b68d1465e0388df11c76d16389b57e00,New organization-authored adapter/document/example; not a historical research version
frontend/tests/test_cohorts.py,15項測試；涵蓋跨院、編號、檢體、flat/grouped格式與CLI。,c21046c69a8c71cc283119e46c9f5044be15c37f478f140836888f82e3729025,New organization-authored adapter/document/example; not a historical research version
frontend/two_hospital/README.md,兩院來源、臨床/mNGS差異、集合範圍與未確認事項。,09045d391e49495fa1eaa5fcc4bec913b8939d1ddda57a1e3c777c8603b65a65,New organization-authored adapter/document/example; not a historical research version
frontend/two_hospital/run.py,兩院專用入口；限定T/V並保留global ID，不重新編號。,f48c85cc6f18120fb84f08f7e401254b97031420bb4245198ab74d9ac4232433,New organization-authored adapter/document/example; not a historical research version
